_id,product_name,category,hsn_code,description,createdAt,updatedAt,__v
68d7054578436788b19ea938,A Style Body Belt Set,Pet Supplies,5165.44.33,High-quality A Style Body Belt Set for pets.,2025-09-27T02:57:33.378+00:00,2025-09-27T02:57:33.378+00:00,0
68d7054578436788b19ea939,Aquarium Fish Net 5 Inch,Pet Supplies,3743.44.87,High-quality Aquarium Fish Net 5 Inch for pets.,2025-09-27T02:57:33.378+00:00,2025-09-27T02:57:33.378+00:00,0
68d7054578436788b19ea93a,Baked Delights Cookies Dog 800 G,Pet Supplies,5496.15.63,High-quality Baked Delights Cookies Dog 800 G for pets.,2025-09-27T02:57:33.378+00:00,2025-09-27T02:57:33.378+00:00,0
68d7054578436788b19ea93b,Bluepet Liquid Filter 400F,Pet Supplies,0664.07.98,High-quality Bluepet Liquid Filter 400F for pets.,2025-09-27T02:57:33.378+00:00,2025-09-27T02:57:33.378+00:00,0
68d7054578436788b19ea93c,Bowlers Chic Platter Gravy Adult 80 G,Pet Supplies,9241.48.05,High-quality Bowlers Chic Platter Gravy Adult 80 G for pets.,2025-09-27T02:57:33.378+00:00,2025-09-27T02:57:33.378+00:00,0
68d7054578436788b19ea93d,Bowlers Lung Gravy Adult 80 G,Pet Supplies,3766.28.57,High-quality Bowlers Lung Gravy Adult 80 G for pets.,2025-09-27T02:57:33.378+00:00,2025-09-27T02:57:33.378+00:00,0
68d7054578436788b19ea93e,Bowlers Meat Sticks 75 G,Pet Supplies,2974.30.62,High-quality Bowlers Meat Sticks 75 G for pets.,2025-09-27T02:57:33.378+00:00,2025-09-27T02:57:33.378+00:00,0
68d7054578436788b19ea93f,Bowlers Nutrimax Chic & Milk Puppy 1.2 Kg,Pet Supplies,0105.40.64,High-quality Bowlers Nutrimax Chic & Milk Puppy 1.2 Kg for pets.,2025-09-27T02:57:33.378+00:00,2025-09-27T02:57:33.378+00:00,0
68d7054578436788b19ea940,Bowlers Nutrimax Chic & Milk Puppy 10 Kg,Pet Supplies,3349.00.53,High-quality Bowlers Nutrimax Chic & Milk Puppy 10 Kg for pets.,2025-09-27T02:57:33.378+00:00,2025-09-27T02:57:33.378+00:00,0
68d7054578436788b19ea941,Bowlers Nutrimax Chic & Milk Puppy 3 Kg,Pet Supplies,8700.58.24,High-quality Bowlers Nutrimax Chic & Milk Puppy 3 Kg for pets.,2025-09-27T02:57:33.378+00:00,2025-09-27T02:57:33.378+00:00,0
68d7054578436788b19ea942,Bowlers Nutrimax Chic & Milk Puppy 400 G,Pet Supplies,9033.06.17,High-quality Bowlers Nutrimax Chic & Milk Puppy 400 G for pets.,2025-09-27T02:57:33.378+00:00,2025-09-27T02:57:33.378+00:00,0
68d7054578436788b19ea943,Bowlers Nutrimax Chic & Veg Adult 1.2 Kg,Pet Supplies,9245.96.42,High-quality Bowlers Nutrimax Chic & Veg Adult 1.2 Kg for pets.,2025-09-27T02:57:33.378+00:00,2025-09-27T02:57:33.378+00:00,0
68d7054578436788b19ea944,Bowlers Nutrimax Chic & Veg Adult 10 Kg,Pet Supplies,2845.32.40,High-quality Bowlers Nutrimax Chic & Veg Adult 10 Kg for pets.,2025-09-27T02:57:33.378+00:00,2025-09-27T02:57:33.378+00:00,0
68d7054578436788b19ea945,Bowlers Nutrimax Chic & Veg Adult 3 Kg,Pet Supplies,0468.60.45,High-quality Bowlers Nutrimax Chic & Veg Adult 3 Kg for pets.,2025-09-27T02:57:33.378+00:00,2025-09-27T02:57:33.378+00:00,0
68d7054578436788b19ea946,Bowlers Nutrimax Chic & Veg Adult 400  G,Pet Supplies,7754.25.95,High-quality Bowlers Nutrimax Chic & Veg Adult 400  G for pets.,2025-09-27T02:57:33.378+00:00,2025-09-27T02:57:33.378+00:00,0
68d7054578436788b19ea947,Bowlers Nutrimax Club Chic & Veg Adult 1.2 Kg,Pet Supplies,7719.19.59,High-quality Bowlers Nutrimax Club Chic & Veg Adult 1.2 Kg for pets.,2025-09-27T02:57:33.379+00:00,2025-09-27T02:57:33.379+00:00,0
68d7054578436788b19ea948,Calt Scooper,Pet Supplies,4147.50.33,High-quality Calt Scooper for pets.,2025-09-27T02:57:33.379+00:00,2025-09-27T02:57:33.379+00:00,0
68d7054578436788b19ea949,Cat Buddy Cat Litter 5 Kg,Pet Supplies,2833.58.63,High-quality Cat Buddy Cat Litter 5 Kg for pets.,2025-09-27T02:57:33.379+00:00,2025-09-27T02:57:33.379+00:00,0
68d7054578436788b19ea94a,Cat Litter Tray XL,Pet Supplies,1009.83.15,High-quality Cat Litter Tray XL for pets.,2025-09-27T02:57:33.379+00:00,2025-09-27T02:57:33.379+00:00,0
68d7054578436788b19ea94b,Cat Tumbler,Pet Supplies,3615.49.79,High-quality Cat Tumbler for pets.,2025-09-27T02:57:33.379+00:00,2025-09-27T02:57:33.379+00:00,0
68d7054578436788b19ea94c,Chappi Chic & Rice Adult 20 Kg,Pet Supplies,3261.07.49,High-quality Chappi Chic & Rice Adult 20 Kg for pets.,2025-09-27T02:57:33.379+00:00,2025-09-27T02:57:33.379+00:00,0
68d7054578436788b19ea94d,Chappi Chic & Rice Adult 7 Kg,Pet Supplies,2136.58.01,High-quality Chappi Chic & Rice Adult 7 Kg for pets.,2025-09-27T02:57:33.379+00:00,2025-09-27T02:57:33.379+00:00,0
68d7054578436788b19ea94e,Cuties Catz Chic Gravy Adult 400 G,Pet Supplies,8880.82.77,High-quality Cuties Catz Chic Gravy Adult 400 G for pets.,2025-09-27T02:57:33.379+00:00,2025-09-27T02:57:33.379+00:00,0
68d7054578436788b19ea94f,Cuties Catz Chic Liver Gravy Adult 400 G,Pet Supplies,3362.26.85,High-quality Cuties Catz Chic Liver Gravy Adult 400 G for pets.,2025-09-27T02:57:33.379+00:00,2025-09-27T02:57:33.379+00:00,0
68d7054578436788b19ea950,Cuties Catz Mackerel Gravy Adult 400 G,Pet Supplies,7141.37.82,High-quality Cuties Catz Mackerel Gravy Adult 400 G for pets.,2025-09-27T02:57:33.379+00:00,2025-09-27T02:57:33.379+00:00,0
68d7054578436788b19ea951,Cuties Catz Sardine Gravy Adult 400 G,Pet Supplies,8351.56.01,High-quality Cuties Catz Sardine Gravy Adult 400 G for pets.,2025-09-27T02:57:33.379+00:00,2025-09-27T02:57:33.379+00:00,0
68d7054578436788b19ea952,Design Plastic Cat Twin Bowl,Pet Supplies,9329.73.66,High-quality Design Plastic Cat Twin Bowl for pets.,2025-09-27T02:57:33.379+00:00,2025-09-27T02:57:33.379+00:00,0
68d7054578436788b19ea953,Diamond Cut Brass Hook Chain No 12,Pet Supplies,5718.46.08,High-quality Diamond Cut Brass Hook Chain No 12 for pets.,2025-09-27T02:57:33.379+00:00,2025-09-27T02:57:33.379+00:00,0
68d7054578436788b19ea954,Diamond Cut Brass Hook Chain No 4,Pet Supplies,1138.65.79,High-quality Diamond Cut Brass Hook Chain No 4 for pets.,2025-09-27T02:57:33.379+00:00,2025-09-27T02:57:33.379+00:00,0
68d7054578436788b19ea955,Diamond Cut Choke Chain No 4,Pet Supplies,1043.19.69,High-quality Diamond Cut Choke Chain No 4 for pets.,2025-09-27T02:57:33.379+00:00,2025-09-27T02:57:33.379+00:00,0
68d7054578436788b19ea956,Double Side Comb,Pet Supplies,4075.00.07,High-quality Double Side Comb for pets.,2025-09-27T02:57:33.379+00:00,2025-09-27T02:57:33.379+00:00,0
68d7054578436788b19ea957,Drool Cat Clumping Litter 5 Kg,Pet Supplies,4817.24.86,High-quality Drool Cat Clumping Litter 5 Kg for pets.,2025-09-27T02:57:33.379+00:00,2025-09-27T02:57:33.379+00:00,0
68d7054578436788b19ea958,Drool Cat Litter 10 Kg,Pet Supplies,8347.56.93,High-quality Drool Cat Litter 10 Kg for pets.,2025-09-27T02:57:33.379+00:00,2025-09-27T02:57:33.379+00:00,0
68d7054578436788b19ea959,Drool Cat Litter 5 Kg,Pet Supplies,6650.99.29,High-quality Drool Cat Litter 5 Kg for pets.,2025-09-27T02:57:33.379+00:00,2025-09-27T02:57:33.379+00:00,0
68d7054578436788b19ea95a,Drool Chew Bone Dog Toy Large,Pet Supplies,1820.42.15,High-quality Drool Chew Bone Dog Toy Large for pets.,2025-09-27T02:57:33.379+00:00,2025-09-27T02:57:33.379+00:00,0
68d7054578436788b19ea95b,Drools Absolut Calcium,Pet Supplies,1926.60.42,High-quality Drools Absolut Calcium for pets.,2025-09-27T02:57:33.379+00:00,2025-09-27T02:57:33.379+00:00,0
68d7054578436788b19ea95c,Drools Absolut Calcium 18 Tab,Pet Supplies,4533.47.91,High-quality Drools Absolut Calcium 18 Tab for pets.,2025-09-27T02:57:33.379+00:00,2025-09-27T02:57:33.379+00:00,0
68d7054578436788b19ea95d,Drools Absolut Calcium 50 Tab,Pet Supplies,0325.05.53,High-quality Drools Absolut Calcium 50 Tab for pets.,2025-09-27T02:57:33.379+00:00,2025-09-27T02:57:33.379+00:00,0
68d7054578436788b19ea95e,Drools Absolut Vitamin 18 Tab,Pet Supplies,0548.89.47,High-quality Drools Absolut Vitamin 18 Tab for pets.,2025-09-27T02:57:33.379+00:00,2025-09-27T02:57:33.379+00:00,0
68d7054578436788b19ea95f,Drools Calcium Milk Bone 13 G,Pet Supplies,3918.61.28,High-quality Drools Calcium Milk Bone 13 G for pets.,2025-09-27T02:57:33.379+00:00,2025-09-27T02:57:33.379+00:00,0
68d7054578436788b19ea960,Drools Calcium Milk Bone 20 Pcs,Pet Supplies,8956.00.79,High-quality Drools Calcium Milk Bone 20 Pcs for pets.,2025-09-27T02:57:33.379+00:00,2025-09-27T02:57:33.379+00:00,0
68d7054578436788b19ea961,Drools Calcium Milk Bone 55 G,Pet Supplies,0905.64.52,High-quality Drools Calcium Milk Bone 55 G for pets.,2025-09-27T02:57:33.379+00:00,2025-09-27T02:57:33.379+00:00,0
68d7054578436788b19ea962,Drools Cat Chic Kitten 1.2 Kg,Pet Supplies,0483.22.93,High-quality Drools Cat Chic Kitten 1.2 Kg for pets.,2025-09-27T02:57:33.379+00:00,2025-09-27T02:57:33.379+00:00,0
68d7054578436788b19ea963,Drools Cat Oceanfish Adult 1.2 Kg,Pet Supplies,7732.93.24,High-quality Drools Cat Oceanfish Adult 1.2 Kg for pets.,2025-09-27T02:57:33.379+00:00,2025-09-27T02:57:33.379+00:00,0
68d7054578436788b19ea964,Drools Cat Oceanfish Adult 3 Kg,Pet Supplies,6217.82.73,High-quality Drools Cat Oceanfish Adult 3 Kg for pets.,2025-09-27T02:57:33.379+00:00,2025-09-27T02:57:33.379+00:00,0
68d7054578436788b19ea965,Drools Cat Oceanfish Adult 400 G,Pet Supplies,6367.79.89,High-quality Drools Cat Oceanfish Adult 400 G for pets.,2025-09-27T02:57:33.379+00:00,2025-09-27T02:57:33.379+00:00,0
68d7054578436788b19ea966,Drools Cat Oceanfish Adult 60 G,Pet Supplies,1597.00.79,High-quality Drools Cat Oceanfish Adult 60 G for pets.,2025-09-27T02:57:33.379+00:00,2025-09-27T02:57:33.379+00:00,0
68d7054578436788b19ea967,Drools Cat Oceanfish Adult 7 Kg,Pet Supplies,1989.17.87,High-quality Drools Cat Oceanfish Adult 7 Kg for pets.,2025-09-27T02:57:33.379+00:00,2025-09-27T02:57:33.379+00:00,0
68d7054578436788b19ea968,Drools Cat Oceanfish Kitten 1.2 Kg,Pet Supplies,3084.45.16,High-quality Drools Cat Oceanfish Kitten 1.2 Kg for pets.,2025-09-27T02:57:33.379+00:00,2025-09-27T02:57:33.379+00:00,0
68d7054578436788b19ea969,Drools Cat Oceanfish Kitten 400 G,Pet Supplies,9523.93.73,High-quality Drools Cat Oceanfish Kitten 400 G for pets.,2025-09-27T02:57:33.379+00:00,2025-09-27T02:57:33.379+00:00,0
68d7054578436788b19ea96a,Drools Dog Chic & Egg Adult 1.2 Kg,Pet Supplies,1329.19.57,High-quality Drools Dog Chic & Egg Adult 1.2 Kg for pets.,2025-09-27T02:57:33.379+00:00,2025-09-27T02:57:33.379+00:00,0
68d7054578436788b19ea96b,Drools Dog Chic & Egg Adult 10 Kg,Pet Supplies,4674.02.21,High-quality Drools Dog Chic & Egg Adult 10 Kg for pets.,2025-09-27T02:57:33.379+00:00,2025-09-27T02:57:33.379+00:00,0
68d7054578436788b19ea96c,Drools Dog Chic & Egg Adult 3 Kg,Pet Supplies,2621.06.17,High-quality Drools Dog Chic & Egg Adult 3 Kg for pets.,2025-09-27T02:57:33.379+00:00,2025-09-27T02:57:33.379+00:00,0
68d7054578436788b19ea96d,Drools Dog Chic & Egg Adult 400 G,Pet Supplies,9246.98.66,High-quality Drools Dog Chic & Egg Adult 400 G for pets.,2025-09-27T02:57:33.379+00:00,2025-09-27T02:57:33.379+00:00,0
68d7054578436788b19ea96e,Drools Dog Chic & Egg Adult 80 G,Pet Supplies,8926.24.49,High-quality Drools Dog Chic & Egg Adult 80 G for pets.,2025-09-27T02:57:33.380+00:00,2025-09-27T02:57:33.380+00:00,0
68d7054578436788b19ea96f,Drools Dog Chic & Egg Biscuit 400 G,Pet Supplies,8389.72.45,High-quality Drools Dog Chic & Egg Biscuit 400 G for pets.,2025-09-27T02:57:33.380+00:00,2025-09-27T02:57:33.380+00:00,0
68d7054578436788b19ea970,Drools Dog Chic & Egg Puppy 1.2 Kg,Pet Supplies,9607.11.01,High-quality Drools Dog Chic & Egg Puppy 1.2 Kg for pets.,2025-09-27T02:57:33.380+00:00,2025-09-27T02:57:33.380+00:00,0
68d7054578436788b19ea971,Drools Dog Chic & Egg Puppy 10 Kg,Pet Supplies,1180.63.45,High-quality Drools Dog Chic & Egg Puppy 10 Kg for pets.,2025-09-27T02:57:33.380+00:00,2025-09-27T02:57:33.380+00:00,0
68d7054578436788b19ea972,Drools Dog Chic & Egg Puppy 3 Kg,Pet Supplies,2207.66.07,High-quality Drools Dog Chic & Egg Puppy 3 Kg for pets.,2025-09-27T02:57:33.380+00:00,2025-09-27T02:57:33.380+00:00,0
68d7054578436788b19ea973,Drools Dog Chic & Egg Puppy 400 G,Pet Supplies,9965.68.80,High-quality Drools Dog Chic & Egg Puppy 400 G for pets.,2025-09-27T02:57:33.380+00:00,2025-09-27T02:57:33.380+00:00,0
68d7054578436788b19ea974,Drools Dog Chic & Egg Puppy 80 G,Pet Supplies,8046.77.31,High-quality Drools Dog Chic & Egg Puppy 80 G for pets.,2025-09-27T02:57:33.380+00:00,2025-09-27T02:57:33.380+00:00,0
68d7054578436788b19ea975,Drools Dog Chic & Veg Adult 10 Kg,Pet Supplies,7652.16.12,High-quality Drools Dog Chic & Veg Adult 10 Kg for pets.,2025-09-27T02:57:33.380+00:00,2025-09-27T02:57:33.380+00:00,0
68d7054578436788b19ea976,Drools Dog Chic Chips Treats 70 G,Pet Supplies,3711.16.22,High-quality Drools Dog Chic Chips Treats 70 G for pets.,2025-09-27T02:57:33.380+00:00,2025-09-27T02:57:33.380+00:00,0
68d7054578436788b19ea977,Drools Dog Chic Chunks Gravy Combo Adult 12x60 G,Pet Supplies,8149.13.61,High-quality Drools Dog Chic Chunks Gravy Combo Adult 12x60 G for pets.,2025-09-27T02:57:33.380+00:00,2025-09-27T02:57:33.380+00:00,0
68d7054578436788b19ea978,Drools Dog Chic Chunks Gravy Puppy 150 G,Pet Supplies,9587.93.91,High-quality Drools Dog Chic Chunks Gravy Puppy 150 G for pets.,2025-09-27T02:57:33.380+00:00,2025-09-27T02:57:33.380+00:00,0
68d7054578436788b19ea979,Drools Dog Chic Cod Fish Sandwich Treats 70 G,Pet Supplies,2335.79.00,High-quality Drools Dog Chic Cod Fish Sandwich Treats 70 G for pets.,2025-09-27T02:57:33.380+00:00,2025-09-27T02:57:33.380+00:00,0
68d7054578436788b19ea97a,Drools Dog Chic Cod Roll Treats 70 G,Pet Supplies,1012.66.78,High-quality Drools Dog Chic Cod Roll Treats 70 G for pets.,2025-09-27T02:57:33.380+00:00,2025-09-27T02:57:33.380+00:00,0
68d7054578436788b19ea97b,Drools Dog Chic Diced Treats 70 G,Pet Supplies,8755.62.90,High-quality Drools Dog Chic Diced Treats 70 G for pets.,2025-09-27T02:57:33.380+00:00,2025-09-27T02:57:33.380+00:00,0
68d7054578436788b19ea97c,Drools Dog Chic Liver Chunk Gravy Adult 60  G,Pet Supplies,9492.33.87,High-quality Drools Dog Chic Liver Chunk Gravy Adult 60  G for pets.,2025-09-27T02:57:33.380+00:00,2025-09-27T02:57:33.380+00:00,0
68d7054578436788b19ea97d,Drools Dog Chic Sweet Potato Twisted Treats 70 G,Pet Supplies,2454.23.21,High-quality Drools Dog Chic Sweet Potato Twisted Treats 70 G for pets.,2025-09-27T02:57:33.380+00:00,2025-09-27T02:57:33.380+00:00,0
68d7054578436788b19ea97e,Drools Dog Chic Tender Treats 70 G,Pet Supplies,0922.70.79,High-quality Drools Dog Chic Tender Treats 70 G for pets.,2025-09-27T02:57:33.380+00:00,2025-09-27T02:57:33.380+00:00,0
68d7054578436788b19ea97f,Drools Dog Meat & Rice Adult 10 Kg,Pet Supplies,6194.47.81,High-quality Drools Dog Meat & Rice Adult 10 Kg for pets.,2025-09-27T02:57:33.380+00:00,2025-09-27T02:57:33.380+00:00,0
68d7054578436788b19ea980,Drools Dog Optimum Adult 10 Kg,Pet Supplies,4199.07.24,High-quality Drools Dog Optimum Adult 10 Kg for pets.,2025-09-27T02:57:33.380+00:00,2025-09-27T02:57:33.380+00:00,0
68d7054578436788b19ea981,Drools Dog Veg ALS 1.2 Kg,Pet Supplies,7309.71.19,High-quality Drools Dog Veg ALS 1.2 Kg for pets.,2025-09-27T02:57:33.380+00:00,2025-09-27T02:57:33.380+00:00,0
68d7054578436788b19ea982,Drools Pup Booster 300 G,Pet Supplies,9929.46.66,High-quality Drools Pup Booster 300 G for pets.,2025-09-27T02:57:33.380+00:00,2025-09-27T02:57:33.380+00:00,0
68d7054578436788b19ea983,Drools Trio Bolt Ring Gog Toy,Pet Supplies,4569.41.01,High-quality Drools Trio Bolt Ring Gog Toy for pets.,2025-09-27T02:57:33.380+00:00,2025-09-27T02:57:33.380+00:00,0
68d7054578436788b19ea984,Elizabeth Collar No 1,Pet Supplies,2486.42.31,High-quality Elizabeth Collar No 1 for pets.,2025-09-27T02:57:33.380+00:00,2025-09-27T02:57:33.380+00:00,0
68d7054578436788b19ea985,Elizabeth Collar No 2,Pet Supplies,1738.85.70,High-quality Elizabeth Collar No 2 for pets.,2025-09-27T02:57:33.380+00:00,2025-09-27T02:57:33.380+00:00,0
68d7054578436788b19ea986,Elizabeth Collar No 3,Pet Supplies,4461.02.85,High-quality Elizabeth Collar No 3 for pets.,2025-09-27T02:57:33.380+00:00,2025-09-27T02:57:33.380+00:00,0
68d7054578436788b19ea987,Elizabeth Collar No 4,Pet Supplies,0773.60.73,High-quality Elizabeth Collar No 4 for pets.,2025-09-27T02:57:33.380+00:00,2025-09-27T02:57:33.380+00:00,0
68d7054578436788b19ea988,Feeding Bottle 150ml,Pet Supplies,8375.90.09,High-quality Feeding Bottle 150ml for pets.,2025-09-27T02:57:33.380+00:00,2025-09-27T02:57:33.380+00:00,0
68d7054578436788b19ea989,Fish Print Collar,Pet Supplies,5973.45.99,High-quality Fish Print Collar for pets.,2025-09-27T02:57:33.380+00:00,2025-09-27T02:57:33.380+00:00,0
68d7054578436788b19ea98a,Flashing Ball Medium,Pet Supplies,1425.71.69,High-quality Flashing Ball Medium for pets.,2025-09-27T02:57:33.380+00:00,2025-09-27T02:57:33.380+00:00,0
68d7054578436788b19ea98b,Freedom Cat Mot & Kit Fish & Chic 1.2 Kg,Pet Supplies,4903.44.45,High-quality Freedom Cat Mot & Kit Fish & Chic 1.2 Kg for pets.,2025-09-27T02:57:33.380+00:00,2025-09-27T02:57:33.380+00:00,0
68d7054578436788b19ea98c,Freedom Cat Mot & Kit Fish & Chic 50 G,Pet Supplies,0116.76.00,High-quality Freedom Cat Mot & Kit Fish & Chic 50 G for pets.,2025-09-27T02:57:33.380+00:00,2025-09-27T02:57:33.380+00:00,0
68d7054578436788b19ea98d,Freedom Dog Chic & Rice Adult 1.2 Kg,Pet Supplies,7242.64.35,High-quality Freedom Dog Chic & Rice Adult 1.2 Kg for pets.,2025-09-27T02:57:33.380+00:00,2025-09-27T02:57:33.380+00:00,0
68d7054578436788b19ea98e,Fur Collar Soft Medium,Pet Supplies,6312.09.16,High-quality Fur Collar Soft Medium for pets.,2025-09-27T02:57:33.380+00:00,2025-09-27T02:57:33.380+00:00,0
68d7054578436788b19ea98f,Grain Zero Cat Chick & Veg Adult 1.2 Kg,Pet Supplies,1586.95.30,High-quality Grain Zero Cat Chick & Veg Adult 1.2 Kg for pets.,2025-09-27T02:57:33.380+00:00,2025-09-27T02:57:33.380+00:00,0
68d7054578436788b19ea990,Grain Zero Cat Chick & Veg Adult 40 G,Pet Supplies,2844.43.65,High-quality Grain Zero Cat Chick & Veg Adult 40 G for pets.,2025-09-27T02:57:33.380+00:00,2025-09-27T02:57:33.380+00:00,0
68d7054578436788b19ea991,Grain Zero Cat Mackerel Adult 1.2 Kg,Pet Supplies,2900.44.02,High-quality Grain Zero Cat Mackerel Adult 1.2 Kg for pets.,2025-09-27T02:57:33.380+00:00,2025-09-27T02:57:33.380+00:00,0
68d7054578436788b19ea992,Grain Zero Cat Mackerel Adult 40 G,Pet Supplies,3943.31.67,High-quality Grain Zero Cat Mackerel Adult 40 G for pets.,2025-09-27T02:57:33.380+00:00,2025-09-27T02:57:33.380+00:00,0
68d7054578436788b19ea993,"Grain Zero Cat Mot & Kit Oceanfish, Sardine & Mackerel Adult 1.2 Kg",Pet Supplies,4370.25.67,"High-quality Grain Zero Cat Mot & Kit Oceanfish, Sardine & Mackerel Adult 1.2 Kg for pets.",2025-09-27T02:57:33.380+00:00,2025-09-27T02:57:33.380+00:00,0
68d7054578436788b19ea994,Grain Zero Cat Oceanfish & Mackerel Adult 1.2 Kg,Pet Supplies,5023.16.40,High-quality Grain Zero Cat Oceanfish & Mackerel Adult 1.2 Kg for pets.,2025-09-27T02:57:33.380+00:00,2025-09-27T02:57:33.380+00:00,0
68d7054578436788b19ea995,"Grain Zero Cat Persian Oceanfish, Sardine & Mackerel Adult 1.2 Kg",Pet Supplies,6914.40.19,"High-quality Grain Zero Cat Persian Oceanfish, Sardine & Mackerel Adult 1.2 Kg for pets.",2025-09-27T02:57:33.381+00:00,2025-09-27T02:57:33.381+00:00,0
68d7054578436788b19ea996,Grain Zero Cat Salmon Adult 1.2 Kg,Pet Supplies,1926.18.44,High-quality Grain Zero Cat Salmon Adult 1.2 Kg for pets.,2025-09-27T02:57:33.381+00:00,2025-09-27T02:57:33.381+00:00,0
68d7054578436788b19ea997,Grain Zero Cat Tuna Adult 1.2 Kg,Pet Supplies,5254.80.43,High-quality Grain Zero Cat Tuna Adult 1.2 Kg for pets.,2025-09-27T02:57:33.381+00:00,2025-09-27T02:57:33.381+00:00,0
68d7054578436788b19ea998,Grain Zero Cat Tuna Adult 40 G,Pet Supplies,2496.70.32,High-quality Grain Zero Cat Tuna Adult 40 G for pets.,2025-09-27T02:57:33.381+00:00,2025-09-27T02:57:33.381+00:00,0
68d7054578436788b19ea999,Grain Zero Dog Chic & Veg Adult 1.2 Kg,Pet Supplies,8711.51.42,High-quality Grain Zero Dog Chic & Veg Adult 1.2 Kg for pets.,2025-09-27T02:57:33.381+00:00,2025-09-27T02:57:33.381+00:00,0
68d7054578436788b19ea99a,Harness Latch Set 10mm,Pet Supplies,5697.25.58,High-quality Harness Latch Set 10mm for pets.,2025-09-27T02:57:33.381+00:00,2025-09-27T02:57:33.381+00:00,0
68d7054578436788b19ea99b,Harness Printed Cat Latch 10mm,Pet Supplies,4334.07.79,High-quality Harness Printed Cat Latch 10mm for pets.,2025-09-27T02:57:33.381+00:00,2025-09-27T02:57:33.381+00:00,0
68d7054578436788b19ea99c,Himalaya Cat Oceanfish Kitten 50 G,Pet Supplies,8334.28.71,High-quality Himalaya Cat Oceanfish Kitten 50 G for pets.,2025-09-27T02:57:33.381+00:00,2025-09-27T02:57:33.381+00:00,0
68d7054578436788b19ea99d,Himalaya Cat Tuna & Chic Adult 50 G,Pet Supplies,7784.46.63,High-quality Himalaya Cat Tuna & Chic Adult 50 G for pets.,2025-09-27T02:57:33.381+00:00,2025-09-27T02:57:33.381+00:00,0
68d7054578436788b19ea99e,Himalaya Erina Coat Cleanser 200ml,Pet Supplies,7239.09.79,High-quality Himalaya Erina Coat Cleanser 200ml for pets.,2025-09-27T02:57:33.381+00:00,2025-09-27T02:57:33.381+00:00,0
68d7054578436788b19ea99f,Himalaya Erina EP Powder 150 G,Pet Supplies,3485.23.81,High-quality Himalaya Erina EP Powder 150 G for pets.,2025-09-27T02:57:33.381+00:00,2025-09-27T02:57:33.381+00:00,0
68d7054578436788b19ea9a0,Himalaya Erina EP Shampoo 200ml,Pet Supplies,9339.36.18,High-quality Himalaya Erina EP Shampoo 200ml for pets.,2025-09-27T02:57:33.381+00:00,2025-09-27T02:57:33.381+00:00,0
68d7054578436788b19ea9a1,Himalaya Erina Plus Coat Cleanser 200ml,Pet Supplies,9245.33.44,High-quality Himalaya Erina Plus Coat Cleanser 200ml for pets.,2025-09-27T02:57:33.381+00:00,2025-09-27T02:57:33.381+00:00,0
68d7054578436788b19ea9a2,Himalaya Himpyrin 30ml,Pet Supplies,4759.59.26,High-quality Himalaya Himpyrin 30ml for pets.,2025-09-27T02:57:33.381+00:00,2025-09-27T02:57:33.381+00:00,0
68d7054578436788b19ea9a3,Himalaya Scavon 100ml,Pet Supplies,9774.30.40,High-quality Himalaya Scavon 100ml for pets.,2025-09-27T02:57:33.381+00:00,2025-09-27T02:57:33.381+00:00,0
68d7054578436788b19ea9a4,InHeart Chew Bone 1 X 3 Inch,Pet Supplies,8399.79.67,High-quality InHeart Chew Bone 1 X 3 Inch for pets.,2025-09-27T02:57:33.381+00:00,2025-09-27T02:57:33.381+00:00,0
68d7054578436788b19ea9a5,InHeart Forever Chic Munchy Sticks 1 Kg,Pet Supplies,0575.99.50,High-quality InHeart Forever Chic Munchy Sticks 1 Kg for pets.,2025-09-27T02:57:33.381+00:00,2025-09-27T02:57:33.381+00:00,0
68d7054578436788b19ea9a6,InHeart Forever Chic Munchy Sticks 500 G,Pet Supplies,5498.82.17,High-quality InHeart Forever Chic Munchy Sticks 500 G for pets.,2025-09-27T02:57:33.381+00:00,2025-09-27T02:57:33.381+00:00,0
68d7054578436788b19ea9a7,InHeart Forever Mutton Munchy Sticks 500 G,Pet Supplies,8508.29.10,High-quality InHeart Forever Mutton Munchy Sticks 500 G for pets.,2025-09-27T02:57:33.381+00:00,2025-09-27T02:57:33.381+00:00,0
68d7054578436788b19ea9a8,KiteKat Ocean Adult 370 G,Pet Supplies,0489.32.28,High-quality KiteKat Ocean Adult 370 G for pets.,2025-09-27T02:57:33.381+00:00,2025-09-27T02:57:33.381+00:00,0
68d7054578436788b19ea9a9,KiteKat Tuna Adult 1 Kg,Pet Supplies,9401.87.27,High-quality KiteKat Tuna Adult 1 Kg for pets.,2025-09-27T02:57:33.381+00:00,2025-09-27T02:57:33.381+00:00,0
68d7054578436788b19ea9aa,KiteKat Tuna Adult 370 G,Pet Supplies,1126.16.50,High-quality KiteKat Tuna Adult 370 G for pets.,2025-09-27T02:57:33.381+00:00,2025-09-27T02:57:33.381+00:00,0
68d7054578436788b19ea9ab,Kitty Yums Creamy 80 G,Pet Supplies,7244.74.98,High-quality Kitty Yums Creamy 80 G for pets.,2025-09-27T02:57:33.381+00:00,2025-09-27T02:57:33.381+00:00,0
68d7054578436788b19ea9ac,Kitty Yums Oceanfish Adult 1.2 Kg,Pet Supplies,2727.73.65,High-quality Kitty Yums Oceanfish Adult 1.2 Kg for pets.,2025-09-27T02:57:33.381+00:00,2025-09-27T02:57:33.381+00:00,0
68d7054578436788b19ea9ad,Kitty Yums Oceanfish Kitten 400 G,Pet Supplies,7997.75.79,High-quality Kitty Yums Oceanfish Kitten 400 G for pets.,2025-09-27T02:57:33.381+00:00,2025-09-27T02:57:33.381+00:00,0
68d7054578436788b19ea9ae,Kitty Yums Persian Adult 1.2 Kg,Pet Supplies,0851.63.60,High-quality Kitty Yums Persian Adult 1.2 Kg for pets.,2025-09-27T02:57:33.381+00:00,2025-09-27T02:57:33.381+00:00,0
68d7054578436788b19ea9af,Kitty Yums Pouch Treats 80 G,Pet Supplies,6365.65.40,High-quality Kitty Yums Pouch Treats 80 G for pets.,2025-09-27T02:57:33.381+00:00,2025-09-27T02:57:33.381+00:00,0
68d7054578436788b19ea9b0,Knotted Chain No 12,Pet Supplies,4873.00.12,High-quality Knotted Chain No 12 for pets.,2025-09-27T02:57:33.381+00:00,2025-09-27T02:57:33.381+00:00,0
68d7054578436788b19ea9b1,Knotted Chain No 6,Pet Supplies,9618.85.71,High-quality Knotted Chain No 6 for pets.,2025-09-27T02:57:33.381+00:00,2025-09-27T02:57:33.381+00:00,0
68d7054578436788b19ea9b2,Lets Byte Cat Oceanfish Adult 400 G,Pet Supplies,6047.55.34,High-quality Lets Byte Cat Oceanfish Adult 400 G for pets.,2025-09-27T02:57:33.381+00:00,2025-09-27T02:57:33.381+00:00,0
68d7054578436788b19ea9b3,Lets Byte Cat Oceanfish Kitten 400 G,Pet Supplies,6232.14.18,High-quality Lets Byte Cat Oceanfish Kitten 400 G for pets.,2025-09-27T02:57:33.381+00:00,2025-09-27T02:57:33.381+00:00,0
68d7054578436788b19ea9b4,Lets Byte Cat Persian Oceanfish Adult 400 G,Pet Supplies,9546.52.44,High-quality Lets Byte Cat Persian Oceanfish Adult 400 G for pets.,2025-09-27T02:57:33.381+00:00,2025-09-27T02:57:33.381+00:00,0
68d7054578436788b19ea9b5,Lets Byte Dog Chic & Egg Adult 10 Kg,Pet Supplies,3841.07.38,High-quality Lets Byte Dog Chic & Egg Adult 10 Kg for pets.,2025-09-27T02:57:33.381+00:00,2025-09-27T02:57:33.381+00:00,0
68d7054578436788b19ea9b6,Lozalo Apple Fruit Shampoo 210ml,Pet Supplies,4380.49.55,High-quality Lozalo Apple Fruit Shampoo 210ml for pets.,2025-09-27T02:57:33.381+00:00,2025-09-27T02:57:33.381+00:00,0
68d7054578436788b19ea9b7,Lozalo Cantaloupe Fruit Shampoo 210ml,Pet Supplies,7486.48.06,High-quality Lozalo Cantaloupe Fruit Shampoo 210ml for pets.,2025-09-27T02:57:33.381+00:00,2025-09-27T02:57:33.381+00:00,0
68d7054578436788b19ea9b8,Lozalo Easy Foam 150 G,Pet Supplies,2459.63.72,High-quality Lozalo Easy Foam 150 G for pets.,2025-09-27T02:57:33.381+00:00,2025-09-27T02:57:33.381+00:00,0
68d7054578436788b19ea9b9,Lozalo Ocean Body Splash 200ml,Pet Supplies,2000.12.41,High-quality Lozalo Ocean Body Splash 200ml for pets.,2025-09-27T02:57:33.381+00:00,2025-09-27T02:57:33.381+00:00,0
68d7054578436788b19ea9ba,Lozalo Pet Wipes 30pcs,Pet Supplies,4821.65.23,High-quality Lozalo Pet Wipes 30pcs for pets.,2025-09-27T02:57:33.381+00:00,2025-09-27T02:57:33.381+00:00,0
68d7054578436788b19ea9bb,Lozalo Strawberry Fruit Shampoo 210ml,Pet Supplies,4632.39.57,High-quality Lozalo Strawberry Fruit Shampoo 210ml for pets.,2025-09-27T02:57:33.381+00:00,2025-09-27T02:57:33.381+00:00,0
68d7054578436788b19ea9bc,Me-0 Creamy Treats Chic & Liver 75 G,Pet Supplies,6098.08.69,High-quality Me-0 Creamy Treats Chic & Liver 75 G for pets.,2025-09-27T02:57:33.381+00:00,2025-09-27T02:57:33.381+00:00,0
68d7054578436788b19ea9bd,Me-0 Creamy Treats Crab 75 G,Pet Supplies,5132.25.10,High-quality Me-0 Creamy Treats Crab 75 G for pets.,2025-09-27T02:57:33.381+00:00,2025-09-27T02:57:33.381+00:00,0
68d7054578436788b19ea9be,Me-0 Creamy Treats Salmon 75 G,Pet Supplies,6096.20.28,High-quality Me-0 Creamy Treats Salmon 75 G for pets.,2025-09-27T02:57:33.382+00:00,2025-09-27T02:57:33.382+00:00,0
68d7054578436788b19ea9bf,Me-0 Creamy Treats Tuna & Bonito 60 G,Pet Supplies,4611.18.32,High-quality Me-0 Creamy Treats Tuna & Bonito 60 G for pets.,2025-09-27T02:57:33.382+00:00,2025-09-27T02:57:33.382+00:00,0
68d7054578436788b19ea9c0,Me-O Cat Chic Chunk Gravy Kitten 80 G,Pet Supplies,5488.42.31,High-quality Me-O Cat Chic Chunk Gravy Kitten 80 G for pets.,2025-09-27T02:57:33.382+00:00,2025-09-27T02:57:33.382+00:00,0
68d7054578436788b19ea9c1,Me-O Cat Chic Rice & Sardine Gravy Adult 80 G,Pet Supplies,1439.92.77,High-quality Me-O Cat Chic Rice & Sardine Gravy Adult 80 G for pets.,2025-09-27T02:57:33.382+00:00,2025-09-27T02:57:33.382+00:00,0
68d7054578436788b19ea9c2,Me-O Cat Chic Rice & Tuna Gravy Adult 80 G,Pet Supplies,5430.34.02,High-quality Me-O Cat Chic Rice & Tuna Gravy Adult 80 G for pets.,2025-09-27T02:57:33.382+00:00,2025-09-27T02:57:33.382+00:00,0
68d7054578436788b19ea9c3,Me-O Cat Lamb Chunk Gravy Kitten 80 G,Pet Supplies,1177.51.40,High-quality Me-O Cat Lamb Chunk Gravy Kitten 80 G for pets.,2025-09-27T02:57:33.382+00:00,2025-09-27T02:57:33.382+00:00,0
68d7054578436788b19ea9c4,Me-O Cat Mackerel Gravy Adult 80 G,Pet Supplies,7531.75.85,High-quality Me-O Cat Mackerel Gravy Adult 80 G for pets.,2025-09-27T02:57:33.382+00:00,2025-09-27T02:57:33.382+00:00,0
68d7054578436788b19ea9c5,Me-O Cat Sardine & Prawn Jelly Adult 400 G,Pet Supplies,4058.22.48,High-quality Me-O Cat Sardine & Prawn Jelly Adult 400 G for pets.,2025-09-27T02:57:33.382+00:00,2025-09-27T02:57:33.382+00:00,0
68d7054578436788b19ea9c6,Me-O Cat Sardine & Salmon Jelly Adult 400 G,Pet Supplies,8806.61.25,High-quality Me-O Cat Sardine & Salmon Jelly Adult 400 G for pets.,2025-09-27T02:57:33.382+00:00,2025-09-27T02:57:33.382+00:00,0
68d7054578436788b19ea9c7,Me-O Cat Sardine Gravy In Jelly Adult 80 G,Pet Supplies,7993.17.26,High-quality Me-O Cat Sardine Gravy In Jelly Adult 80 G for pets.,2025-09-27T02:57:33.382+00:00,2025-09-27T02:57:33.382+00:00,0
68d7054578436788b19ea9c8,Me-O Cat Seafood Jelly Adult 400 G,Pet Supplies,0814.12.68,High-quality Me-O Cat Seafood Jelly Adult 400 G for pets.,2025-09-27T02:57:33.382+00:00,2025-09-27T02:57:33.382+00:00,0
68d7054578436788b19ea9c9,Me-O Cat Tuna Gravy Adult Combo 80 G,Pet Supplies,9208.95.59,High-quality Me-O Cat Tuna Gravy Adult Combo 80 G for pets.,2025-09-27T02:57:33.382+00:00,2025-09-27T02:57:33.382+00:00,0
68d7054578436788b19ea9ca,Me-O Cat Tuna Jelly Adult 400 G,Pet Supplies,8333.62.20,High-quality Me-O Cat Tuna Jelly Adult 400 G for pets.,2025-09-27T02:57:33.382+00:00,2025-09-27T02:57:33.382+00:00,0
68d7054578436788b19ea9cb,Me-O Chic & Veg Adult 1.2 Kg,Pet Supplies,9986.64.38,High-quality Me-O Chic & Veg Adult 1.2 Kg for pets.,2025-09-27T02:57:33.382+00:00,2025-09-27T02:57:33.382+00:00,0
68d7054578436788b19ea9cc,Me-O Mackerel Adult 1.2 Kg,Pet Supplies,8581.95.22,High-quality Me-O Mackerel Adult 1.2 Kg for pets.,2025-09-27T02:57:33.382+00:00,2025-09-27T02:57:33.382+00:00,0
68d7054578436788b19ea9cd,Me-O Mackerel Adult 450 G,Pet Supplies,1707.35.05,High-quality Me-O Mackerel Adult 450 G for pets.,2025-09-27T02:57:33.382+00:00,2025-09-27T02:57:33.382+00:00,0
68d7054578436788b19ea9ce,Me-O Oceanfish Kitten 400 G,Pet Supplies,2435.28.79,High-quality Me-O Oceanfish Kitten 400 G for pets.,2025-09-27T02:57:33.382+00:00,2025-09-27T02:57:33.382+00:00,0
68d7054578436788b19ea9cf,Me-O Oceanfish Kitten1.1 Kg,Pet Supplies,2052.62.51,High-quality Me-O Oceanfish Kitten1.1 Kg for pets.,2025-09-27T02:57:33.382+00:00,2025-09-27T02:57:33.382+00:00,0
68d7054578436788b19ea9d0,Me-O Persian Adult 1.1 Kg,Pet Supplies,7903.73.87,High-quality Me-O Persian Adult 1.1 Kg for pets.,2025-09-27T02:57:33.382+00:00,2025-09-27T02:57:33.382+00:00,0
68d7054578436788b19ea9d1,Me-O Persian Adult 400 G,Pet Supplies,6452.95.54,High-quality Me-O Persian Adult 400 G for pets.,2025-09-27T02:57:33.382+00:00,2025-09-27T02:57:33.382+00:00,0
68d7054578436788b19ea9d2,Me-O Persian Kitten 400 G,Pet Supplies,0974.75.44,High-quality Me-O Persian Kitten 400 G for pets.,2025-09-27T02:57:33.382+00:00,2025-09-27T02:57:33.382+00:00,0
68d7054578436788b19ea9d3,Me-O Salmon Adult 1.1 Kg,Pet Supplies,8944.03.12,High-quality Me-O Salmon Adult 1.1 Kg for pets.,2025-09-27T02:57:33.382+00:00,2025-09-27T02:57:33.382+00:00,0
68d7054578436788b19ea9d4,Me-O Seafood Adult 1.2 Kg,Pet Supplies,3173.05.57,High-quality Me-O Seafood Adult 1.2 Kg for pets.,2025-09-27T02:57:33.382+00:00,2025-09-27T02:57:33.382+00:00,0
68d7054578436788b19ea9d5,Me-O Seafood Adult 450 G,Pet Supplies,2207.32.83,High-quality Me-O Seafood Adult 450 G for pets.,2025-09-27T02:57:33.382+00:00,2025-09-27T02:57:33.382+00:00,0
68d7054578436788b19ea9d6,Me-O Tuna Adult 1.2 Kg,Pet Supplies,9910.66.37,High-quality Me-O Tuna Adult 1.2 Kg for pets.,2025-09-27T02:57:33.382+00:00,2025-09-27T02:57:33.382+00:00,0
68d7054578436788b19ea9d7,Me-O Tuna Adult 450 G,Pet Supplies,0156.78.32,High-quality Me-O Tuna Adult 450 G for pets.,2025-09-27T02:57:33.382+00:00,2025-09-27T02:57:33.382+00:00,0
68d7054578436788b19ea9d8,Multicolour Ball Small,Pet Supplies,3562.86.66,High-quality Multicolour Ball Small for pets.,2025-09-27T02:57:33.382+00:00,2025-09-27T02:57:33.382+00:00,0
68d7054578436788b19ea9d9,Mushroom Print Collar,Pet Supplies,8964.62.03,High-quality Mushroom Print Collar for pets.,2025-09-27T02:57:33.382+00:00,2025-09-27T02:57:33.382+00:00,0
68d7054578436788b19ea9da,Notix Powder 100 G,Pet Supplies,9199.75.16,High-quality Notix Powder 100 G for pets.,2025-09-27T02:57:33.382+00:00,2025-09-27T02:57:33.382+00:00,0
68d7054578436788b19ea9db,Notix Soap 75 G,Pet Supplies,1335.38.92,High-quality Notix Soap 75 G for pets.,2025-09-27T02:57:33.382+00:00,2025-09-27T02:57:33.382+00:00,0
68d7054578436788b19ea9dc,Nylon Clip Collar Medium,Pet Supplies,1422.35.67,High-quality Nylon Clip Collar Medium for pets.,2025-09-27T02:57:33.382+00:00,2025-09-27T02:57:33.382+00:00,0
68d7054578436788b19ea9dd,Nylon Plain Latch Large,Pet Supplies,3039.03.40,High-quality Nylon Plain Latch Large for pets.,2025-09-27T02:57:33.383+00:00,2025-09-27T02:57:33.383+00:00,0
68d7054578436788b19ea9de,Nylon Plain Latch Medium,Pet Supplies,8786.22.76,High-quality Nylon Plain Latch Medium for pets.,2025-09-27T02:57:33.383+00:00,2025-09-27T02:57:33.383+00:00,0
68d7054578436788b19ea9df,PP Collar Latch Small,Pet Supplies,4017.12.35,High-quality PP Collar Latch Small for pets.,2025-09-27T02:57:33.383+00:00,2025-09-27T02:57:33.383+00:00,0
68d7054578436788b19ea9e0,PP Collar Medium,Pet Supplies,3809.32.39,High-quality PP Collar Medium for pets.,2025-09-27T02:57:33.383+00:00,2025-09-27T02:57:33.383+00:00,0
68d7054578436788b19ea9e1,PP Collar XS,Pet Supplies,6120.97.56,High-quality PP Collar XS for pets.,2025-09-27T02:57:33.383+00:00,2025-09-27T02:57:33.383+00:00,0
68d7054578436788b19ea9e2,PP Reflective Collar Small,Pet Supplies,7864.56.23,High-quality PP Reflective Collar Small for pets.,2025-09-27T02:57:33.383+00:00,2025-09-27T02:57:33.383+00:00,0
68d7054578436788b19ea9e3,PPA Reflective Collar Large,Pet Supplies,1975.07.82,High-quality PPA Reflective Collar Large for pets.,2025-09-27T02:57:33.383+00:00,2025-09-27T02:57:33.383+00:00,0
68d7054578436788b19ea9e4,PPA Reflective Collar Medium,Pet Supplies,3058.05.46,High-quality PPA Reflective Collar Medium for pets.,2025-09-27T02:57:33.383+00:00,2025-09-27T02:57:33.383+00:00,0
68d7054578436788b19ea9e5,PU Muzzle No 3,Pet Supplies,9729.95.57,High-quality PU Muzzle No 3 for pets.,2025-09-27T02:57:33.383+00:00,2025-09-27T02:57:33.383+00:00,0
68d7054578436788b19ea9e6,PU Muzzle No 4,Pet Supplies,4765.19.49,High-quality PU Muzzle No 4 for pets.,2025-09-27T02:57:33.383+00:00,2025-09-27T02:57:33.383+00:00,0
68d7054578436788b19ea9e7,Padded Body Belt XL,Pet Supplies,2438.37.30,High-quality Padded Body Belt XL for pets.,2025-09-27T02:57:33.383+00:00,2025-09-27T02:57:33.383+00:00,0
68d7054578436788b19ea9e8,Painted SS Bowl 650ml,Pet Supplies,5933.27.80,High-quality Painted SS Bowl 650ml for pets.,2025-09-27T02:57:33.383+00:00,2025-09-27T02:57:33.383+00:00,0
68d7054578436788b19ea9e9,Painted SS Bowl 850ml,Pet Supplies,7645.70.43,High-quality Painted SS Bowl 850ml for pets.,2025-09-27T02:57:33.383+00:00,2025-09-27T02:57:33.383+00:00,0
68d7054578436788b19ea9ea,Pedigree Chic & Liver Chunk Gravy Adult 130 G,Pet Supplies,4485.22.82,High-quality Pedigree Chic & Liver Chunk Gravy Adult 130 G for pets.,2025-09-27T02:57:33.383+00:00,2025-09-27T02:57:33.383+00:00,0
68d7054578436788b19ea9eb,Pedigree Chic & Liver Chunks In Gravy Puppy 70 G,Pet Supplies,2299.63.71,High-quality Pedigree Chic & Liver Chunks In Gravy Puppy 70 G for pets.,2025-09-27T02:57:33.383+00:00,2025-09-27T02:57:33.383+00:00,0
68d7054578436788b19ea9ec,Pedigree Chic & Liver Gravy Adult 70 G,Pet Supplies,2027.36.17,High-quality Pedigree Chic & Liver Gravy Adult 70 G for pets.,2025-09-27T02:57:33.383+00:00,2025-09-27T02:57:33.383+00:00,0
68d7054578436788b19ea9ed,Pedigree Chic & Liver Gravy Puppy 70 G,Pet Supplies,2474.97.52,High-quality Pedigree Chic & Liver Gravy Puppy 70 G for pets.,2025-09-27T02:57:33.383+00:00,2025-09-27T02:57:33.383+00:00,0
68d7054578436788b19ea9ee,Pedigree Chick & Milk Puppy 1 Kg,Pet Supplies,5311.09.04,High-quality Pedigree Chick & Milk Puppy 1 Kg for pets.,2025-09-27T02:57:33.383+00:00,2025-09-27T02:57:33.383+00:00,0
68d7054578436788b19ea9ef,Pedigree Chick & Milk Puppy 2.8 Kg,Pet Supplies,4753.80.38,High-quality Pedigree Chick & Milk Puppy 2.8 Kg for pets.,2025-09-27T02:57:33.383+00:00,2025-09-27T02:57:33.383+00:00,0
68d7054578436788b19ea9f0,Pedigree Chick & Milk Puppy 370 G,Pet Supplies,9641.30.43,High-quality Pedigree Chick & Milk Puppy 370 G for pets.,2025-09-27T02:57:33.383+00:00,2025-09-27T02:57:33.383+00:00,0
68d7054578436788b19ea9f1,Pedigree Chick & Milk Puppy 90 G,Pet Supplies,1074.77.34,High-quality Pedigree Chick & Milk Puppy 90 G for pets.,2025-09-27T02:57:33.383+00:00,2025-09-27T02:57:33.383+00:00,0
68d7054578436788b19ea9f2,Pedigree Chick & Veg Adult 1 Kg,Pet Supplies,9747.90.45,High-quality Pedigree Chick & Veg Adult 1 Kg for pets.,2025-09-27T02:57:33.383+00:00,2025-09-27T02:57:33.383+00:00,0
68d7054578436788b19ea9f3,Pedigree Chick & Veg Adult 2.8 Kg,Pet Supplies,9808.38.83,High-quality Pedigree Chick & Veg Adult 2.8 Kg for pets.,2025-09-27T02:57:33.383+00:00,2025-09-27T02:57:33.383+00:00,0
68d7054578436788b19ea9f4,Pedigree Chick & Veg Adult 370 G,Pet Supplies,8201.97.93,High-quality Pedigree Chick & Veg Adult 370 G for pets.,2025-09-27T02:57:33.383+00:00,2025-09-27T02:57:33.383+00:00,0
68d7054578436788b19ea9f5,Pedigree Chick & Veg Adult 90 G,Pet Supplies,9902.10.50,High-quality Pedigree Chick & Veg Adult 90 G for pets.,2025-09-27T02:57:33.383+00:00,2025-09-27T02:57:33.383+00:00,0
68d7054578436788b19ea9f6,Pedigree Chick Chunks In Gravy Puppy 70 G,Pet Supplies,6205.12.09,High-quality Pedigree Chick Chunks In Gravy Puppy 70 G for pets.,2025-09-27T02:57:33.383+00:00,2025-09-27T02:57:33.383+00:00,0
68d7054578436788b19ea9f7,Pedigree Dentastix 110 G,Pet Supplies,7181.76.95,High-quality Pedigree Dentastix 110 G for pets.,2025-09-27T02:57:33.383+00:00,2025-09-27T02:57:33.383+00:00,0
68d7054578436788b19ea9f8,Pedigree Dentastix 270 G,Pet Supplies,3048.56.79,High-quality Pedigree Dentastix 270 G for pets.,2025-09-27T02:57:33.383+00:00,2025-09-27T02:57:33.383+00:00,0
68d7054578436788b19ea9f9,Pedigree Lamb Chunks In Gravy Puppy 70 G,Pet Supplies,3456.83.66,High-quality Pedigree Lamb Chunks In Gravy Puppy 70 G for pets.,2025-09-27T02:57:33.383+00:00,2025-09-27T02:57:33.383+00:00,0
68d7054578436788b19ea9fa,Pedigree Meat & Rice Adult 1 Kg,Pet Supplies,6212.94.46,High-quality Pedigree Meat & Rice Adult 1 Kg for pets.,2025-09-27T02:57:33.383+00:00,2025-09-27T02:57:33.383+00:00,0
68d7054578436788b19ea9fb,Pedigree Pro Mot & Pup 1.2 Kg,Pet Supplies,3100.82.57,High-quality Pedigree Pro Mot & Pup 1.2 Kg for pets.,2025-09-27T02:57:33.383+00:00,2025-09-27T02:57:33.383+00:00,0
68d7054578436788b19ea9fc,Pedigree Ranchos Spiral Wrap 60 G,Pet Supplies,7451.91.30,High-quality Pedigree Ranchos Spiral Wrap 60 G for pets.,2025-09-27T02:57:33.383+00:00,2025-09-27T02:57:33.383+00:00,0
68d7054578436788b19ea9fd,Pedigree Ranchos Super Bones 70 G,Pet Supplies,6920.15.39,High-quality Pedigree Ranchos Super Bones 70 G for pets.,2025-09-27T02:57:33.383+00:00,2025-09-27T02:57:33.383+00:00,0
68d7054578436788b19ea9fe,Pedigree Roasted Lamb Chunk Gravy Adult 130 G,Pet Supplies,8291.77.31,High-quality Pedigree Roasted Lamb Chunk Gravy Adult 130 G for pets.,2025-09-27T02:57:33.384+00:00,2025-09-27T02:57:33.384+00:00,0
68d7054578436788b19ea9ff,Pedigree Roasted Lamb Gravy Adult 70 G,Pet Supplies,6745.14.99,High-quality Pedigree Roasted Lamb Gravy Adult 70 G for pets.,2025-09-27T02:57:33.384+00:00,2025-09-27T02:57:33.384+00:00,0
68d7054578436788b19eaa00,Pedigree Rodeo 123 G,Pet Supplies,8629.43.32,High-quality Pedigree Rodeo 123 G for pets.,2025-09-27T02:57:33.384+00:00,2025-09-27T02:57:33.384+00:00,0
68d7054578436788b19eaa01,Plastic Cat Twin Bowl,Pet Supplies,7882.39.62,High-quality Plastic Cat Twin Bowl for pets.,2025-09-27T02:57:33.384+00:00,2025-09-27T02:57:33.384+00:00,0
68d7054578436788b19eaa02,Plastic Muzzle No 3,Pet Supplies,1289.65.67,High-quality Plastic Muzzle No 3 for pets.,2025-09-27T02:57:33.384+00:00,2025-09-27T02:57:33.384+00:00,0
68d7054578436788b19eaa03,Plastic Muzzle No 4,Pet Supplies,7268.51.89,High-quality Plastic Muzzle No 4 for pets.,2025-09-27T02:57:33.384+00:00,2025-09-27T02:57:33.384+00:00,0
68d7054578436788b19eaa04,Plastic Muzzle No 5,Pet Supplies,4188.72.20,High-quality Plastic Muzzle No 5 for pets.,2025-09-27T02:57:33.384+00:00,2025-09-27T02:57:33.384+00:00,0
68d7054578436788b19eaa05,Plastic Muzzle No 6,Pet Supplies,5388.81.88,High-quality Plastic Muzzle No 6 for pets.,2025-09-27T02:57:33.384+00:00,2025-09-27T02:57:33.384+00:00,0
68d7054578436788b19eaa06,Plastic Muzzle No 7,Pet Supplies,4801.92.48,High-quality Plastic Muzzle No 7 for pets.,2025-09-27T02:57:33.384+00:00,2025-09-27T02:57:33.384+00:00,0
68d7054578436788b19eaa07,Poop Scooper Small,Pet Supplies,8739.76.18,High-quality Poop Scooper Small for pets.,2025-09-27T02:57:33.384+00:00,2025-09-27T02:57:33.384+00:00,0
68d7054578436788b19eaa08,Pp Body Belt Large,Pet Supplies,9898.73.31,High-quality Pp Body Belt Large for pets.,2025-09-27T02:57:33.384+00:00,2025-09-27T02:57:33.384+00:00,0
68d7054578436788b19eaa09,Purepet Cat Chic & Chic Liver Gravy Adult 50 G,Pet Supplies,9774.51.59,High-quality Purepet Cat Chic & Chic Liver Gravy Adult 50 G for pets.,2025-09-27T02:57:33.384+00:00,2025-09-27T02:57:33.384+00:00,0
68d7054578436788b19eaa0a,Purepet Cat Chic Biscuits 400g,Pet Supplies,5119.69.01,High-quality Purepet Cat Chic Biscuits 400g for pets.,2025-09-27T02:57:33.384+00:00,2025-09-27T02:57:33.384+00:00,0
68d7054578436788b19eaa0b,Purepet Cat Litter 10 Kg,Pet Supplies,1848.15.51,High-quality Purepet Cat Litter 10 Kg for pets.,2025-09-27T02:57:33.384+00:00,2025-09-27T02:57:33.384+00:00,0
68d7054578436788b19eaa0c,Purepet Cat Litter 5 Kg,Pet Supplies,9347.88.24,High-quality Purepet Cat Litter 5 Kg for pets.,2025-09-27T02:57:33.384+00:00,2025-09-27T02:57:33.384+00:00,0
68d7054578436788b19eaa0d,Purepet Cat Mackerel Adult 6 Kg,Pet Supplies,4843.98.46,High-quality Purepet Cat Mackerel Adult 6 Kg for pets.,2025-09-27T02:57:33.384+00:00,2025-09-27T02:57:33.384+00:00,0
68d7054578436788b19eaa0e,Purepet Cat Oceanfish Adult 6 Kg,Pet Supplies,3840.74.83,High-quality Purepet Cat Oceanfish Adult 6 Kg for pets.,2025-09-27T02:57:33.384+00:00,2025-09-27T02:57:33.384+00:00,0
68d7054578436788b19eaa0f,Purepet Cat Seafood Adult 6 Kg,Pet Supplies,4369.76.98,High-quality Purepet Cat Seafood Adult 6 Kg for pets.,2025-09-27T02:57:33.384+00:00,2025-09-27T02:57:33.384+00:00,0
68d7054578436788b19eaa10,Purepet Cat Tuna & Chic Liver Gravy Adult 50 G,Pet Supplies,3638.97.91,High-quality Purepet Cat Tuna & Chic Liver Gravy Adult 50 G for pets.,2025-09-27T02:57:33.384+00:00,2025-09-27T02:57:33.384+00:00,0
68d7054578436788b19eaa11,Purepet Cat Tuna & Salmon Adult 6 Kg,Pet Supplies,0895.92.84,High-quality Purepet Cat Tuna & Salmon Adult 6 Kg for pets.,2025-09-27T02:57:33.384+00:00,2025-09-27T02:57:33.384+00:00,0
68d7054578436788b19eaa12,Purepet Chew Bones 5 Inch 260 G,Pet Supplies,5908.19.12,High-quality Purepet Chew Bones 5 Inch 260 G for pets.,2025-09-27T02:57:33.384+00:00,2025-09-27T02:57:33.384+00:00,0
68d7054578436788b19eaa13,Purepet Chic & Veg Gravy Puppy 70 G,Pet Supplies,7242.60.80,High-quality Purepet Chic & Veg Gravy Puppy 70 G for pets.,2025-09-27T02:57:33.384+00:00,2025-09-27T02:57:33.384+00:00,0
68d7054578436788b19eaa14,Purepet Chic Munchy Sticks 400 G,Pet Supplies,5236.37.20,High-quality Purepet Chic Munchy Sticks 400 G for pets.,2025-09-27T02:57:33.384+00:00,2025-09-27T02:57:33.384+00:00,0
68d7054578436788b19eaa15,Purepet Creamy 80 G,Pet Supplies,0457.41.36,High-quality Purepet Creamy 80 G for pets.,2025-09-27T02:57:33.384+00:00,2025-09-27T02:57:33.384+00:00,0
68d7054578436788b19eaa16,Purepet Dog Chic & Veg Adult 1.1 Kg,Pet Supplies,2057.77.15,High-quality Purepet Dog Chic & Veg Adult 1.1 Kg for pets.,2025-09-27T02:57:33.384+00:00,2025-09-27T02:57:33.384+00:00,0
68d7054578436788b19eaa17,Purepet Dog Chic & Veg Chunk Gravy Adult 70 G,Pet Supplies,0489.13.03,High-quality Purepet Dog Chic & Veg Chunk Gravy Adult 70 G for pets.,2025-09-27T02:57:33.384+00:00,2025-09-27T02:57:33.384+00:00,0
68d7054578436788b19eaa18,Purepet Dog Meat & Rice Adult 10 Kg,Pet Supplies,7943.42.47,High-quality Purepet Dog Meat & Rice Adult 10 Kg for pets.,2025-09-27T02:57:33.384+00:00,2025-09-27T02:57:33.384+00:00,0
68d7054578436788b19eaa19,Purepet Mutton Munchy Sticks 400 G,Pet Supplies,9249.77.86,High-quality Purepet Mutton Munchy Sticks 400 G for pets.,2025-09-27T02:57:33.384+00:00,2025-09-27T02:57:33.384+00:00,0
68d7054578436788b19eaa1a,Purepet Oceanfish Adult 2.7 Kg,Pet Supplies,9329.87.51,High-quality Purepet Oceanfish Adult 2.7 Kg for pets.,2025-09-27T02:57:33.384+00:00,2025-09-27T02:57:33.384+00:00,0
68d7054578436788b19eaa1b,Purepet Oceanfish Adult 250 G,Pet Supplies,3914.97.09,High-quality Purepet Oceanfish Adult 250 G for pets.,2025-09-27T02:57:33.384+00:00,2025-09-27T02:57:33.384+00:00,0
68d7054578436788b19eaa1c,Purepet Oceanfish Adult 70 G,Pet Supplies,0921.21.84,High-quality Purepet Oceanfish Adult 70 G for pets.,2025-09-27T02:57:33.384+00:00,2025-09-27T02:57:33.384+00:00,0
68d7054578436788b19eaa1d,Purepet Real Chic Dog Biscuit 455 G,Pet Supplies,0697.53.05,High-quality Purepet Real Chic Dog Biscuit 455 G for pets.,2025-09-27T02:57:33.384+00:00,2025-09-27T02:57:33.384+00:00,0
68d7054578436788b19eaa1e,Purepet Seafood Adult 180g,Pet Supplies,6040.90.72,High-quality Purepet Seafood Adult 180g for pets.,2025-09-27T02:57:33.384+00:00,2025-09-27T02:57:33.384+00:00,0
68d7054578436788b19eaa1f,Purepet Seafood Adult 2.8 Kg,Pet Supplies,9919.90.43,High-quality Purepet Seafood Adult 2.8 Kg for pets.,2025-09-27T02:57:33.385+00:00,2025-09-27T02:57:33.385+00:00,0
68d7054578436788b19eaa20,Purepet Seafood Adult 70 G,Pet Supplies,5914.18.84,High-quality Purepet Seafood Adult 70 G for pets.,2025-09-27T02:57:33.385+00:00,2025-09-27T02:57:33.385+00:00,0
68d7054578436788b19eaa21,Purepet Teak Mackerel Adult 1.2 Kg,Pet Supplies,5365.17.09,High-quality Purepet Teak Mackerel Adult 1.2 Kg for pets.,2025-09-27T02:57:33.385+00:00,2025-09-27T02:57:33.385+00:00,0
68d7054578436788b19eaa22,Purepet Teak Oceanfish Adult 1.2 Kg,Pet Supplies,5337.52.29,High-quality Purepet Teak Oceanfish Adult 1.2 Kg for pets.,2025-09-27T02:57:33.385+00:00,2025-09-27T02:57:33.385+00:00,0
68d7054578436788b19eaa23,Purepet Teak Real Chicken Adult 1.2 Kg,Pet Supplies,9295.16.45,High-quality Purepet Teak Real Chicken Adult 1.2 Kg for pets.,2025-09-27T02:57:33.385+00:00,2025-09-27T02:57:33.385+00:00,0
68d7054578436788b19eaa24,Purepet Teak Tuna & Salmon Adult 1.2 Kg,Pet Supplies,0355.36.42,High-quality Purepet Teak Tuna & Salmon Adult 1.2 Kg for pets.,2025-09-27T02:57:33.385+00:00,2025-09-27T02:57:33.385+00:00,0
68d7054578436788b19eaa25,Purepet Tuna & Salmon Adult 70 G,Pet Supplies,7255.37.41,High-quality Purepet Tuna & Salmon Adult 70 G for pets.,2025-09-27T02:57:33.385+00:00,2025-09-27T02:57:33.385+00:00,0
68d7054578436788b19eaa26,Purrfeto Cat Chic & Oceanfish Adult 100 G,Pet Supplies,5175.71.66,High-quality Purrfeto Cat Chic & Oceanfish Adult 100 G for pets.,2025-09-27T02:57:33.385+00:00,2025-09-27T02:57:33.385+00:00,0
68d7054578436788b19eaa27,Purrfeto Cat Chic & Oceanfish Kitten 100 G,Pet Supplies,8162.85.27,High-quality Purrfeto Cat Chic & Oceanfish Kitten 100 G for pets.,2025-09-27T02:57:33.385+00:00,2025-09-27T02:57:33.385+00:00,0
68d7054578436788b19eaa28,Purrfeto Cat Chic & Rice Adult 100 G,Pet Supplies,5808.67.24,High-quality Purrfeto Cat Chic & Rice Adult 100 G for pets.,2025-09-27T02:57:33.385+00:00,2025-09-27T02:57:33.385+00:00,0
68d7054578436788b19eaa29,Purrfeto Cat Chic & Rice Kitten 100 G,Pet Supplies,1775.42.27,High-quality Purrfeto Cat Chic & Rice Kitten 100 G for pets.,2025-09-27T02:57:33.385+00:00,2025-09-27T02:57:33.385+00:00,0
68d7054578436788b19eaa2a,Purrfeto Cat Chic & Salmon Adult 100 G,Pet Supplies,9556.70.59,High-quality Purrfeto Cat Chic & Salmon Adult 100 G for pets.,2025-09-27T02:57:33.385+00:00,2025-09-27T02:57:33.385+00:00,0
68d7054578436788b19eaa2b,Purrfeto Cat Chic & Sardine Adult 100 G,Pet Supplies,3695.73.95,High-quality Purrfeto Cat Chic & Sardine Adult 100 G for pets.,2025-09-27T02:57:33.385+00:00,2025-09-27T02:57:33.385+00:00,0
68d7054578436788b19eaa2c,Purrfeto Mackerel Gravy Adult 80 G,Pet Supplies,7799.07.73,High-quality Purrfeto Mackerel Gravy Adult 80 G for pets.,2025-09-27T02:57:33.385+00:00,2025-09-27T02:57:33.385+00:00,0
68d7054578436788b19eaa2d,Purrfeto Ocean Platter Jelly Kitten 80 G,Pet Supplies,4643.70.04,High-quality Purrfeto Ocean Platter Jelly Kitten 80 G for pets.,2025-09-27T02:57:33.385+00:00,2025-09-27T02:57:33.385+00:00,0
68d7054578436788b19eaa2e,Purrfeto Oceanfish Gravy Adult 80 G,Pet Supplies,9823.40.81,High-quality Purrfeto Oceanfish Gravy Adult 80 G for pets.,2025-09-27T02:57:33.385+00:00,2025-09-27T02:57:33.385+00:00,0
68d7054578436788b19eaa2f,Purrfeto Tuna Platter Jelly Adult 80 G,Pet Supplies,6754.03.77,High-quality Purrfeto Tuna Platter Jelly Adult 80 G for pets.,2025-09-27T02:57:33.385+00:00,2025-09-27T02:57:33.385+00:00,0
68d7054578436788b19eaa30,Roller Ball,Pet Supplies,5309.31.17,High-quality Roller Ball for pets.,2025-09-27T02:57:33.385+00:00,2025-09-27T02:57:33.385+00:00,0
68d7054578436788b19eaa31,Royal Cannin Persian 4 Kg,Pet Supplies,5509.45.01,High-quality Royal Cannin Persian 4 Kg for pets.,2025-09-27T02:57:33.385+00:00,2025-09-27T02:57:33.385+00:00,0
68d7054578436788b19eaa32,SS Bowl 1000ml,Pet Supplies,2580.75.18,High-quality SS Bowl 1000ml for pets.,2025-09-27T02:57:33.385+00:00,2025-09-27T02:57:33.385+00:00,0
68d7054578436788b19eaa33,SS Bowl 1200ml,Pet Supplies,8881.95.71,High-quality SS Bowl 1200ml for pets.,2025-09-27T02:57:33.385+00:00,2025-09-27T02:57:33.385+00:00,0
68d7054578436788b19eaa34,SS Bowl 225ml,Pet Supplies,3026.45.32,High-quality SS Bowl 225ml for pets.,2025-09-27T02:57:33.385+00:00,2025-09-27T02:57:33.385+00:00,0
68d7054578436788b19eaa35,Sheba  Fish Sasame Gravy Adult 35 G,Pet Supplies,7213.30.14,High-quality Sheba  Fish Sasame Gravy Adult 35 G for pets.,2025-09-27T02:57:33.385+00:00,2025-09-27T02:57:33.385+00:00,0
68d7054578436788b19eaa36,Sheba Chic & Tuna Gravy Adult 70 G,Pet Supplies,5844.72.01,High-quality Sheba Chic & Tuna Gravy Adult 70 G for pets.,2025-09-27T02:57:33.385+00:00,2025-09-27T02:57:33.385+00:00,0
68d7054578436788b19eaa37,Sheba Chic Gravy Adult 70 G,Pet Supplies,7563.64.45,High-quality Sheba Chic Gravy Adult 70 G for pets.,2025-09-27T02:57:33.385+00:00,2025-09-27T02:57:33.385+00:00,0
68d7054578436788b19eaa38,Sheba Chic Gravy Kitten 70 G,Pet Supplies,3178.55.85,High-quality Sheba Chic Gravy Kitten 70 G for pets.,2025-09-27T02:57:33.385+00:00,2025-09-27T02:57:33.385+00:00,0
68d7054578436788b19eaa39,Sheba Magauro Creamy 48 G,Pet Supplies,7539.92.66,High-quality Sheba Magauro Creamy 48 G for pets.,2025-09-27T02:57:33.385+00:00,2025-09-27T02:57:33.385+00:00,0
68d7054578436788b19eaa3a,Sheba Sesami Creamy 48 G,Pet Supplies,5245.32.85,High-quality Sheba Sesami Creamy 48 G for pets.,2025-09-27T02:57:33.385+00:00,2025-09-27T02:57:33.385+00:00,0
68d7054578436788b19eaa3b,Sheba Skipjack & Salmon Gravy Adult 35 G,Pet Supplies,4410.49.13,High-quality Sheba Skipjack & Salmon Gravy Adult 35 G for pets.,2025-09-27T02:57:33.385+00:00,2025-09-27T02:57:33.385+00:00,0
68d7054578436788b19eaa3c,Sheba Tuna Pumpkin & Carrots Adult Gravy 70 G,Pet Supplies,3884.87.67,High-quality Sheba Tuna Pumpkin & Carrots Adult Gravy 70 G for pets.,2025-09-27T02:57:33.385+00:00,2025-09-27T02:57:33.385+00:00,0
68d7054578436788b19eaa3d,Slow Feeder ,Pet Supplies,9992.68.95,High-quality Slow Feeder  for pets.,2025-09-27T02:57:33.385+00:00,2025-09-27T02:57:33.385+00:00,0
68d7054578436788b19eaa3e,Soft Nylon Collar Large,Pet Supplies,6612.08.56,High-quality Soft Nylon Collar Large for pets.,2025-09-27T02:57:33.385+00:00,2025-09-27T02:57:33.385+00:00,0
68d7054578436788b19eaa3f,Soft Nylon Collar Medium,Pet Supplies,4161.92.18,High-quality Soft Nylon Collar Medium for pets.,2025-09-27T02:57:33.386+00:00,2025-09-27T02:57:33.386+00:00,0
68d7054578436788b19eaa40,Steel Ring Mouse,Pet Supplies,2177.70.49,High-quality Steel Ring Mouse for pets.,2025-09-27T02:57:33.386+00:00,2025-09-27T02:57:33.386+00:00,0
68d7054578436788b19eaa41,Temptations Cat Chic & Tuna Creamy 48 G,Pet Supplies,3567.52.72,High-quality Temptations Cat Chic & Tuna Creamy 48 G for pets.,2025-09-27T02:57:33.386+00:00,2025-09-27T02:57:33.386+00:00,0
68d7054578436788b19eaa42,Temptations Cat Maguro & Scallop Creamy 48 G,Pet Supplies,8915.46.24,High-quality Temptations Cat Maguro & Scallop Creamy 48 G for pets.,2025-09-27T02:57:33.386+00:00,2025-09-27T02:57:33.386+00:00,0
68d7054578436788b19eaa43,Temptations Cat Salmon & Cheese Creamy 48 G,Pet Supplies,8940.78.14,High-quality Temptations Cat Salmon & Cheese Creamy 48 G for pets.,2025-09-27T02:57:33.386+00:00,2025-09-27T02:57:33.386+00:00,0
68d7054578436788b19eaa44,Temptations Salmon Treats 85 G,Pet Supplies,3362.03.80,High-quality Temptations Salmon Treats 85 G for pets.,2025-09-27T02:57:33.386+00:00,2025-09-27T02:57:33.386+00:00,0
68d7054578436788b19eaa45,Temptations Tuna Treats 85 G,Pet Supplies,0498.47.43,High-quality Temptations Tuna Treats 85 G for pets.,2025-09-27T02:57:33.386+00:00,2025-09-27T02:57:33.386+00:00,0
68d7054578436788b19eaa46,Tick & Flea Comb,Pet Supplies,9317.15.85,High-quality Tick & Flea Comb for pets.,2025-09-27T02:57:33.386+00:00,2025-09-27T02:57:33.386+00:00,0
68d7054578436788b19eaa47,Vet Pro Obesity 12 Kg,Pet Supplies,3918.37.00,High-quality Vet Pro Obesity 12 Kg for pets.,2025-09-27T02:57:33.386+00:00,2025-09-27T02:57:33.386+00:00,0
68d7054578436788b19eaa48,Whiskas Chic & Salmon Gravy Kitten 80 G,Pet Supplies,9665.97.32,High-quality Whiskas Chic & Salmon Gravy Kitten 80 G for pets.,2025-09-27T02:57:33.386+00:00,2025-09-27T02:57:33.386+00:00,0
68d7054578436788b19eaa49,Whiskas Chic Gravy Adult 80 G,Pet Supplies,0667.28.39,High-quality Whiskas Chic Gravy Adult 80 G for pets.,2025-09-27T02:57:33.386+00:00,2025-09-27T02:57:33.386+00:00,0
68d7054578436788b19eaa4a,Whiskas Chic Gravy Combo Adult 7x80 G,Pet Supplies,6656.40.76,High-quality Whiskas Chic Gravy Combo Adult 7x80 G for pets.,2025-09-27T02:57:33.386+00:00,2025-09-27T02:57:33.386+00:00,0
68d7054578436788b19eaa4b,Whiskas Chic Gravy Combo Kitten 7x80 G,Pet Supplies,8579.62.61,High-quality Whiskas Chic Gravy Combo Kitten 7x80 G for pets.,2025-09-27T02:57:33.386+00:00,2025-09-27T02:57:33.386+00:00,0
68d7054578436788b19eaa4c,Whiskas Chic Gravy Kitten 80 G,Pet Supplies,1371.17.10,High-quality Whiskas Chic Gravy Kitten 80 G for pets.,2025-09-27T02:57:33.386+00:00,2025-09-27T02:57:33.386+00:00,0
68d7054578436788b19eaa4d,Whiskas Chicken Adult 1.2 Kg,Pet Supplies,0612.98.08,High-quality Whiskas Chicken Adult 1.2 Kg for pets.,2025-09-27T02:57:33.386+00:00,2025-09-27T02:57:33.386+00:00,0
68d7054578436788b19eaa4e,Whiskas Chicken Adult 3 kg,Pet Supplies,5018.34.68,High-quality Whiskas Chicken Adult 3 kg for pets.,2025-09-27T02:57:33.386+00:00,2025-09-27T02:57:33.386+00:00,0
68d7054578436788b19eaa4f,Whiskas Mackerel Adult 1.2 Kg,Pet Supplies,8781.59.60,High-quality Whiskas Mackerel Adult 1.2 Kg for pets.,2025-09-27T02:57:33.386+00:00,2025-09-27T02:57:33.386+00:00,0
68d7054578436788b19eaa50,Whiskas Mackerel Adult 3 kg,Pet Supplies,8430.74.64,High-quality Whiskas Mackerel Adult 3 kg for pets.,2025-09-27T02:57:33.386+00:00,2025-09-27T02:57:33.386+00:00,0
68d7054578436788b19eaa51,Whiskas Mackerel Adult 480 G,Pet Supplies,2024.10.13,High-quality Whiskas Mackerel Adult 480 G for pets.,2025-09-27T02:57:33.386+00:00,2025-09-27T02:57:33.386+00:00,0
68d7054578436788b19eaa52,Whiskas Mackerel Adult 50 G,Pet Supplies,2554.44.40,High-quality Whiskas Mackerel Adult 50 G for pets.,2025-09-27T02:57:33.386+00:00,2025-09-27T02:57:33.386+00:00,0
68d7054578436788b19eaa53,Whiskas Mackerel Gravy Kitten 80 G,Pet Supplies,9155.34.74,High-quality Whiskas Mackerel Gravy Kitten 80 G for pets.,2025-09-27T02:57:33.386+00:00,2025-09-27T02:57:33.386+00:00,0
68d7054578436788b19eaa54,Whiskas Mackerel Kitten 50 G,Pet Supplies,7521.16.68,High-quality Whiskas Mackerel Kitten 50 G for pets.,2025-09-27T02:57:33.386+00:00,2025-09-27T02:57:33.386+00:00,0
68d7054578436788b19eaa55,Whiskas Oceanfish Adult 1.2 Kg,Pet Supplies,9065.06.92,High-quality Whiskas Oceanfish Adult 1.2 Kg for pets.,2025-09-27T02:57:33.386+00:00,2025-09-27T02:57:33.386+00:00,0
68d7054578436788b19eaa56,Whiskas Oceanfish Adult 3 kg,Pet Supplies,0860.04.57,High-quality Whiskas Oceanfish Adult 3 kg for pets.,2025-09-27T02:57:33.386+00:00,2025-09-27T02:57:33.386+00:00,0
68d7054578436788b19eaa57,Whiskas Oceanfish Adult 480 G,Pet Supplies,3831.38.80,High-quality Whiskas Oceanfish Adult 480 G for pets.,2025-09-27T02:57:33.386+00:00,2025-09-27T02:57:33.386+00:00,0
68d7054578436788b19eaa58,Whiskas Oceanfish Adult 50 G,Pet Supplies,2250.80.87,High-quality Whiskas Oceanfish Adult 50 G for pets.,2025-09-27T02:57:33.386+00:00,2025-09-27T02:57:33.386+00:00,0
68d7054578436788b19eaa59,Whiskas Oceanfish Gravy Adult 80 G,Pet Supplies,1572.86.76,High-quality Whiskas Oceanfish Gravy Adult 80 G for pets.,2025-09-27T02:57:33.386+00:00,2025-09-27T02:57:33.386+00:00,0
68d7054578436788b19eaa5a,Whiskas Oceanfish Kitten 1.1 Kg,Pet Supplies,4191.23.07,High-quality Whiskas Oceanfish Kitten 1.1 Kg for pets.,2025-09-27T02:57:33.386+00:00,2025-09-27T02:57:33.386+00:00,0
68d7054578436788b19eaa5b,Whiskas Oceanfish Kitten 3 kg,Pet Supplies,0317.68.49,High-quality Whiskas Oceanfish Kitten 3 kg for pets.,2025-09-27T02:57:33.386+00:00,2025-09-27T02:57:33.386+00:00,0
68d7054578436788b19eaa5c,Whiskas Oceanfish Kitten 450 G,Pet Supplies,3714.40.03,High-quality Whiskas Oceanfish Kitten 450 G for pets.,2025-09-27T02:57:33.386+00:00,2025-09-27T02:57:33.386+00:00,0
68d7054578436788b19eaa5d,Whiskas Oceanfish Kitten 50 G,Pet Supplies,7949.67.78,High-quality Whiskas Oceanfish Kitten 50 G for pets.,2025-09-27T02:57:33.387+00:00,2025-09-27T02:57:33.387+00:00,0
68d7054578436788b19eaa5e,Whiskas Persian Adult 1.1 Kg,Pet Supplies,4248.04.82,High-quality Whiskas Persian Adult 1.1 Kg for pets.,2025-09-27T02:57:33.387+00:00,2025-09-27T02:57:33.387+00:00,0
68d7054578436788b19eaa5f,Whiskas Persian Adult 400 G,Pet Supplies,4366.69.85,High-quality Whiskas Persian Adult 400 G for pets.,2025-09-27T02:57:33.387+00:00,2025-09-27T02:57:33.387+00:00,0
68d7054578436788b19eaa60,Whiskas Persian Adult 50 G,Pet Supplies,8493.23.98,High-quality Whiskas Persian Adult 50 G for pets.,2025-09-27T02:57:33.387+00:00,2025-09-27T02:57:33.387+00:00,0
68d7054578436788b19eaa61,Whiskas Persian Kitten 1.1 Kg,Pet Supplies,4171.29.43,High-quality Whiskas Persian Kitten 1.1 Kg for pets.,2025-09-27T02:57:33.387+00:00,2025-09-27T02:57:33.387+00:00,0
68d7054578436788b19eaa62,Whiskas Persian Kitten 400 G,Pet Supplies,2660.88.83,High-quality Whiskas Persian Kitten 400 G for pets.,2025-09-27T02:57:33.387+00:00,2025-09-27T02:57:33.387+00:00,0
68d7054578436788b19eaa63,Whiskas Persian Kitten 50 G,Pet Supplies,1284.63.27,High-quality Whiskas Persian Kitten 50 G for pets.,2025-09-27T02:57:33.387+00:00,2025-09-27T02:57:33.387+00:00,0
68d7054578436788b19eaa64,Whiskas Salmon Gravy Adult 80 G,Pet Supplies,4475.24.33,High-quality Whiskas Salmon Gravy Adult 80 G for pets.,2025-09-27T02:57:33.387+00:00,2025-09-27T02:57:33.387+00:00,0
68d7054578436788b19eaa65,Whiskas Tasty Mix Gravy 70 G,Pet Supplies,3983.52.95,High-quality Whiskas Tasty Mix Gravy 70 G for pets.,2025-09-27T02:57:33.387+00:00,2025-09-27T02:57:33.387+00:00,0
68d7054578436788b19eaa66,Whiskas Tuna & White Fish Gravy Adult 80 G,Pet Supplies,0967.28.10,High-quality Whiskas Tuna & White Fish Gravy Adult 80 G for pets.,2025-09-27T02:57:33.387+00:00,2025-09-27T02:57:33.387+00:00,0
68d7054578436788b19eaa67,Whiskas Tuna Adult 1.2 Kg,Pet Supplies,9885.17.13,High-quality Whiskas Tuna Adult 1.2 Kg for pets.,2025-09-27T02:57:33.387+00:00,2025-09-27T02:57:33.387+00:00,0
68d7054578436788b19eaa68,Whiskas Tuna Adult 480 G,Pet Supplies,8053.44.42,High-quality Whiskas Tuna Adult 480 G for pets.,2025-09-27T02:57:33.387+00:00,2025-09-27T02:57:33.387+00:00,0
68d7054578436788b19eaa69,Whiskas Tuna Adult 50 G,Pet Supplies,9037.95.77,High-quality Whiskas Tuna Adult 50 G for pets.,2025-09-27T02:57:33.387+00:00,2025-09-27T02:57:33.387+00:00,0
68d7054578436788b19eaa6a,Whiskas Tuna Jelly Adult 80 G,Pet Supplies,7009.01.69,High-quality Whiskas Tuna Jelly Adult 80 G for pets.,2025-09-27T02:57:33.387+00:00,2025-09-27T02:57:33.387+00:00,0
68d7054578436788b19eaa6b,Whiskas Tuna Jelly Kitten 80 G,Pet Supplies,2378.02.50,High-quality Whiskas Tuna Jelly Kitten 80 G for pets.,2025-09-27T02:57:33.387+00:00,2025-09-27T02:57:33.387+00:00,0
68d7054578436788b19eaa6c,Zinc Chain No 12,Pet Supplies,2596.70.28,High-quality Zinc Chain No 12 for pets.,2025-09-27T02:57:33.387+00:00,2025-09-27T02:57:33.387+00:00,0
68d7054578436788b19eaa6d,Zinc Chain No 14,Pet Supplies,8535.65.72,High-quality Zinc Chain No 14 for pets.,2025-09-27T02:57:33.387+00:00,2025-09-27T02:57:33.387+00:00,0
68d7054578436788b19eaa6e,Zinc Chain No 4,Pet Supplies,8830.75.45,High-quality Zinc Chain No 4 for pets.,2025-09-27T02:57:33.387+00:00,2025-09-27T02:57:33.387+00:00,0
68d7054578436788b19eaa6f,Zinc Chain No 8,Pet Supplies,8229.97.32,High-quality Zinc Chain No 8 for pets.,2025-09-27T02:57:33.387+00:00,2025-09-27T02:57:33.387+00:00,0
68d7054578436788b19eaa70,Zinc Hook Rope 18mm,Pet Supplies,6658.84.47,High-quality Zinc Hook Rope 18mm for pets.,2025-09-27T02:57:33.387+00:00,2025-09-27T02:57:33.387+00:00,0
